ch,p0,p1
0,0.2149837759,0.0803461538
1,0.1280723048,0.2546962000
2,-0.1933825665,0.2941007359
3,0.0611566264,0.0929934353
4,-0.0563791084,0.2946970847
5,0.0371477634, 0.1212543693
6,-0.3015558027966563,0.29948038289716816
7,-0.09316673031071332,0.28713228807294117
